Rank,Player,AVG PICK,7 DAY +/-,AVG SALARY,7 DAY +/-,%ROST
1,Christian McCaffreyCarRB,1.4,0.1,72.1,1.5,99.9
2,Dalvin CookMinRB,2.7,0.0,67.3,1.5,99.9
3,Alvin KamaraNORB,4.0,0.4,65.6,2.6,99.9
4,Derrick HenryTenRB,4.4,0.2,65.1,2.6,99.9
5,Saquon BarkleyQNYGRB,7.3,-0.6,57.2,0.4,99.9
6,Davante AdamsGBWR,7.6,0.6,57.0,2.8,99.9
7,Travis KelceKCTE,8.0,-0.3,55.4,0.8,99.9
8,Ezekiel ElliottDalRB,8.6,0.1,55.4,1.3,99.8
9,Tyreek HillKCWR,11.5,0.3,51.9,2.1,99.9
10,Aaron JonesGBRB,12.0,0.5,51.0,2.3,99.9
11,Jonathan TaylorIndRB,12.4,-0.1,49.6,0.6,99.8
12,Nick ChubbCleRB,12.5,0.1,50.8,1.6,99.9
13,Austin EkelerLACRB,13.9,0.5,48.7,2.2,99.7
14,Stefon DiggsQBufWR,16.1,-0.5,45.2,1.0,99.9
15,Najee HarrisPitRB,17.8,0.8,46.4,2.3,99.5
16,DeAndre HopkinsQAriWR,18.4,-0.4,41.8,1.3,99.9
17,Antonio GibsonWshRB,18.7,0.7,43.9,1.5,99.6
18,DK MetcalfSeaWR,18.8,0.2,40.9,1.8,99.9
19,Patrick MahomesKCQB,19.5,0.2,33.7,2.3,99.9
20,Calvin RidleyAtlWR,20.1,-0.2,39.9,1.3,99.8
21,Darren WallerLVTE,25.2,0.5,33.3,1.9,99.9
22,A.J. BrownQTenWR,25.5,-0.6,33.9,0.6,99.8
23,Justin JeffersonQMinWR,25.9,-0.2,35.1,1.1,99.8
24,Joe MixonCinRB,26.0,0.5,34.9,0.5,99.3
25,George KittleSFTE,28.0,0.1,30.4,1.4,99.9
26,Clyde Edwards-HelaireQKCRB,29.0,0.2,33.6,0.6,99.0
27,Keenan AllenLACWR,29.6,0.0,29.8,0.9,99.7
28,Terry McLaurinWshWR,30.0,0.1,29.4,0.4,99.6
29,Josh AllenBufQB,30.2,0.4,23.7,2.0,99.9
30,James RobinsonJaxRB,33.6,25.2,27.0,9.9,97.4
31,Allen Robinson IIChiWR,34.0,0.3,26.5,0.8,99.5
32,Mike EvansTBWR,34.3,0.8,23.8,1.0,99.7
33,CeeDee LambDalWR,35.2,-0.4,27.5,0.3,99.1
34,David MontgomeryChiRB,35.7,-0.2,25.9,0.0,98.9
35,Miles SandersPhiRB,39.0,0.2,23.2,-0.5,98.5
36,Robert WoodsLARWR,39.2,0.6,21.5,0.4,98.9
37,Amari CooperDalWR,41.1,1.2,20.2,0.7,99.0
38,Kyler MurrayAriQB,41.2,-0.4,16.2,1.0,99.8
39,Chris CarsonSeaRB,41.4,3.4,24.1,2.4,98.1
40,Josh JacobsLVRB,42.8,1.2,20.5,0.5,98.4
41,Adam ThielenQMinWR,46.2,-0.1,18.9,0.1,98.6
42,Lamar JacksonBalQB,47.1,0.5,14.3,0.8,98.9
43,Chris GodwinTBWR,47.2,1.2,18.0,0.5,98.1
44,Tyler LockettQSeaWR,48.6,2.0,17.3,1.0,98.0
45,Mark AndrewsBalTE,48.7,1.8,11.8,1.0,99.5
46,D'Andre SwiftQDetRB,48.8,-4.0,18.7,-2.7,97.4
47,Cooper KuppLARWR,49.6,2.7,17.2,1.2,97.3
48,Aaron RodgersGBQB,50.1,0.8,12.5,0.9,98.4
49,Julio JonesQTenWR,51.0,-0.9,17.2,0.1,98.5
50,Kyle PittsAtlTE,52.6,0.0,13.2,1.0,98.2
51,Diontae JohnsonPitWR,56.7,0.6,13.5,-0.2,96.3
52,DJ MooreCarWR,57.3,5.0,13.2,0.8,96.5
53,Dak PrescottDalQB,57.5,1.5,10.3,0.7,98.3
54,Russell WilsonSeaQB,58.4,1.2,10.8,0.8,97.7
55,Gus EdwardsBalRB,60.7,99.5,15.1,14.4,88.2
56,Chase EdmondsAriRB,62.1,3.6,11.2,0.5,94.3
57,T.J. HockensonQDetTE,62.2,0.2,8.1,0.3,97.2
58,Kareem HuntCleRB,62.6,3.9,11.2,0.9,94.9
59,Brandon AiyukQSFWR,64.9,-1.4,11.7,-0.5,95.0
60,Tee HigginsCinWR,65.5,2.4,10.3,0.4,94.4
61,Myles GaskinMiaRB,68.4,8.8,10.4,2.1,93.8
62,Justin HerbertLACQB,68.5,0.1,8.7,0.4,96.2
63,Tom BradyTBQB,69.3,2.2,7.4,0.8,96.6
64,Odell Beckham Jr.QCleWR,70.3,2.9,9.9,0.8,94.7
65,Javonte WilliamsDenRB,70.7,5.0,9.5,0.6,90.3
66,JuJu Smith-SchusterPitWR,72.1,1.2,7.5,0.2,94.4
67,Logan ThomasWshTE,72.8,1.4,5.5,0.4,95.5
68,Mike DavisAtlRB,73.7,8.8,9.0,1.4,92.5
69,Jerry JeudyDenWR,75.6,3.5,7.3,0.7,92.8
70,Chase ClaypoolPitWR,76.2,7.5,6.7,0.6,93.3
71,Kenny GolladayQNYGWR,76.8,-0.4,7.1,-0.6,93.2
72,Robby AndersonCarWR,76.9,4.6,6.5,0.8,92.8
73,Courtland SuttonDenWR,81.8,2.0,6.1,-0.4,92.0
74,Damien HarrisNERB,82.7,11.8,7.4,2.4,88.5
75,Buccaneers D/STTBD/ST,82.9,-3.1,3.8,0.1,98.6
76,Ja'Marr ChaseCinWR,85.2,-6.8,5.2,-1.7,92.2
77,Raheem MostertSFRB,87.9,8.8,6.1,1.5,91.6
78,Brandin CooksHouWR,88.8,2.7,4.1,0.2,91.1
79,Darrell Henderson Jr.QLARRB,90.4,-18.8,6.0,-5.9,90.6
80,Noah FantQDenTE,92.9,-2.7,3.3,-0.1,90.6
81,DeVonta SmithPhiWR,93.9,1.5,4.3,0.2,89.7
82,Tyler BoydCinWR,96.5,3.0,3.6,0.3,88.8
83,William Fuller VSSPDMiaWR,97.4,-1.0,3.1,-0.3,83.9
84,Laviska Shenault Jr.JaxWR,97.5,3.0,3.7,0.3,88.0
85,Michael ThomasONOWR,97.6,-2.4,5.4,-0.1,90.7
86,Harrison ButkerKCK,98.3,-2.5,3.3,0.0,99.7
87,Robert TonyanGBTE,98.5,-0.1,3.0,0.2,90.3
88,Leonard FournetteTBRB,99.5,0.6,3.1,0.1,88.8
89,Michael GallupDalWR,99.8,1.4,2.9,0.0,87.8
90,Sony MichelLARRB,100.7,43.1,3.5,1.9,77.2
91,Matthew StaffordLARQB,102.2,3.5,4.7,0.6,86.6
92,Deebo SamuelSFWR,102.4,3.3,3.0,0.3,87.5
93,Steelers D/STPitD/ST,102.8,-5.8,2.4,-0.1,98.0
94,Dallas GoedertPhiTE,102.9,-1.3,2.1,0.0,90.0
95,Jalen HurtsPhiQB,104.7,1.7,3.3,0.2,89.5
96,Ravens D/STBalD/ST,105.4,-2.3,2.2,0.1,98.1
97,Justin TuckerBalK,105.8,-2.7,3.0,0.1,99.6
98,Corey DavisNYJWR,106.5,6.7,3.0,0.5,83.2
99,Jarvis LandryCleWR,107.0,0.1,2.6,0.0,87.2
100,Melvin Gordon IIIDenRB,107.9,4.2,3.2,0.5,85.4
101,Kenyan DrakeLVRB,109.1,4.7,2.2,0.2,84.5
102,Jonnu SmithNETE,110.4,15.8,1.8,0.5,80.9
103,Antonio BrownTBWR,110.9,1.2,3.1,0.3,84.9
104,Ryan TannehillTenQB,111.6,-8.0,3.2,-0.4,87.9
105,Mike GesickiMiaTE,114.5,-0.9,1.8,0.0,85.1
106,Marvin Jones Jr.QJaxWR,115.1,0.3,1.9,0.0,79.4
107,Marquise BrownBalWR,115.3,4.0,1.9,0.1,82.4
108,DJ Chark Jr.QJaxWR,115.9,-2.9,2.1,-0.2,82.9
109,Washington D/STWshD/ST,116.5,-2.4,2.0,0.1,95.1
110,Jaylen WaddleMiaWR,116.5,-1.2,2.4,0.0,82.8
111,James ConnerAriRB,119.4,5.0,2.1,0.2,79.1
112,Bills D/STBufD/ST,121.6,-2.0,1.8,0.0,92.7
113,AJ DillonGBRB,122.2,2.4,2.1,0.2,76.0
114,Zack MossBufRB,122.5,-1.7,2.1,-0.1,75.8
115,Henry Ruggs IIILVWR,122.5,-1.5,1.7,0.0,79.0
116,49ers D/STSFD/ST,123.2,1.7,1.6,0.2,94.2
117,Curtis SamuelQWshWR,124.0,-3.1,1.5,-0.1,79.0
118,Ronald Jones IITBRB,124.0,3.0,2.2,0.3,78.8
119,Rob GronkowskiTBTE,124.0,4.5,1.7,0.3,74.9
120,Rams D/STLARD/ST,124.5,0.4,2.1,0.2,94.7
121,Joe BurrowCinQB,125.3,-0.1,2.5,0.0,78.7
122,Mike WilliamsLACWR,125.7,0.5,1.6,0.0,73.5
123,Trey SermonSFRB,126.0,6.3,3.2,0.7,72.4
124,Tyler HigbeeLARTE,129.7,5.4,1.7,0.2,69.6
125,Jamaal WilliamsDetRB,131.3,4.8,1.5,0.2,72.1
126,Jason MyersSeaK,131.8,-1.2,1.4,0.1,95.5
127,Michael CarterQNYJRB,133.0,-5.2,1.8,-0.3,70.8
128,Baker MayfieldCleQB,133.2,8.8,1.9,0.3,62.4
129,Younghoe KooAtlK,133.5,-4.5,2.0,0.1,94.2
130,Cole BeasleyBufWR,134.0,0.9,1.3,0.1,72.4
131,Marquez CallawayNOWR,134.5,15.9,2.1,0.8,68.9
132,Trevor LawrenceJaxQB,135.0,1.0,2.3,0.1,75.3
133,Michael Pittman Jr.IndWR,136.0,7.6,1.6,0.4,66.8
134,Devin SingletaryBufRB,139.6,6.0,1.3,0.1,63.7
135,Nyheim HinesIndRB,139.7,2.6,1.2,0.1,65.5
136,Graham GanoNYGK,141.9,-4.5,1.0,0.0,83.3
137,Broncos D/STDenD/ST,143.7,0.0,1.2,0.0,86.3
138,Jakobi MeyersNEWR,143.9,6.7,1.2,0.2,54.0
139,David JohnsonHouRB,144.5,3.9,1.1,0.0,67.2
140,Austin HooperCleTE,145.7,11.2,0.8,0.5,51.3
141,Jason SandersMiaK,145.7,-3.3,1.2,0.1,88.6
142,Justin FieldsChiQB,146.7,3.7,1.6,0.1,49.9
143,Brandon McManusDenK,146.7,-1.2,1.1,0.0,86.6
144,Matt GayLARK,146.8,0.6,1.2,0.0,86.8
145,Tua TagovailoaMiaQB,147.3,0.2,1.3,-0.2,49.6
146,Mecole HardmanKCWR,148.1,-0.5,1.1,0.0,61.7
147,DeVante ParkerMiaWR,149.3,1.0,1.0,0.0,62.4
148,Patriots D/STNED/ST,149.4,-5.7,1.1,0.0,76.4
149,Phillip LindsayHouRB,149.5,-6.1,1.0,-0.2,52.5
150,Browns D/STCleD/ST,150.7,-0.7,1.0,0.0,63.0
151,Jalen ReagorPhiWR,151.9,-4.2,0.9,-0.1,60.0
152,Darnell MooneyChiWR,152.3,-0.9,1.0,0.0,56.1
153,Colts D/STIndD/ST,152.7,1.3,0.9,0.1,62.9
154,James WhiteNERB,154.4,7.3,0.8,0.3,42.4
155,Matt RyanAtlQB,154.5,-0.3,1.1,0.1,44.7
156,J.D. McKissicWshRB,156.1,-0.5,0.7,0.0,49.9
157,Evan EngramQNYGTE,156.2,-8.9,0.6,-0.2,50.6
158,Ben RoethlisbergerPitQB,158.2,-1.1,0.9,0.1,33.1
159,Tony PollardDalRB,158.2,3.0,0.8,0.2,38.5
160,Tyler BassBufK,159.2,-1.6,1.0,0.0,68.1
161,Trey LanceQSFQB,159.8,1.2,1.0,0.0,32.5
162,Tyrell WilliamsQDetWR,160.3,1.6,0.7,0.1,31.8
163,J.K. DobbinsIRBalRB,160.5,-116.5,1.1,-21.9,33.7
164,Hunter HenryQNETE,160.7,1.8,0.5,0.1,40.3
165,Elijah MooreNYJWR,160.9,0.1,0.7,0.0,38.2
166,Jameis WinstonNOQB,161.3,4.3,1.1,0.6,25.3
167,Parris CampbellIndWR,161.4,-0.8,0.6,-0.1,37.7
168,Eric EbronPitTE,162.8,-0.1,0.3,0.0,33.5
169,Zach ErtzPhiTE,162.8,1.7,0.4,0.1,24.6
170,Alexander MattisonQMinRB,163.1,1.0,0.6,0.1,31.8
171,Randall CobbGBWR,163.8,-0.3,0.5,0.0,31.5
172,Greg ZuerleinDalK,164.1,0.2,0.8,0.0,58.2
173,Russell GageAtlWR,164.2,0.4,0.5,0.0,31.9
174,Kirk CousinsMinQB,164.6,-1.1,0.7,-0.1,24.2
175,Nelson AgholorNEWR,164.7,-0.6,0.4,0.0,32.3
176,A.J. GreenAriWR,164.7,-0.3,0.5,0.0,30.2
177,Mac JonesNEQB,165.0,4.3,0.7,0.5,21.0
178,Ryan FitzpatrickWshQB,166.5,0.0,0.6,0.0,23.3
179,Saints D/STNOD/ST,166.6,-1.0,0.3,0.1,26.2
180,Cole KmetChiTE,166.6,2.3,0.2,0.1,19.3
181,Ty'Son WilliamsBalRB,166.7,0.0,0.4,0.0,17.3
182,Jared CookLACTE,166.7,1.3,0.2,0.1,19.7
183,Derek CarrLVQB,166.9,0.0,0.5,0.0,13.3
184,Irv Smith Jr.IRMinTE,166.9,-26.8,0.3,-1.1,31.4
185,Matt PraterAriK,167.0,-1.2,0.5,0.1,34.2
186,T.Y. HiltonIRIndWR,167.1,-16.8,0.4,-0.5,37.3
187,Rodrigo BlankenshipIndK,167.1,-1.1,0.5,0.0,23.9
188,Vikings D/STMinD/ST,167.4,-0.3,0.4,0.1,27.2
189,Chiefs D/STKCD/ST,167.5,-0.2,0.2,0.1,10.6
190,Malcolm BrownMiaRB,167.6,0.3,0.4,0.0,19.6
191,Zach WilsonNYJQB,167.6,-0.8,0.4,-0.1,15.1
192,Dolphins D/STMiaD/ST,167.6,-1.2,0.3,0.1,37.9
193,Ryan SuccopTBK,167.9,-0.7,0.2,-0.1,23.3
194,Rhamondre StevensonNERB,168.0,1.5,0.4,0.2,15.8
195,Jamison CrowderONYJWR,168.2,-1.2,0.3,0.0,23.8
196,Mason CrosbyGBK,168.3,-0.2,0.3,0.1,10.4
197,Packers D/STGBD/ST,168.3,-0.5,0.2,0.0,21.2
198,Daniel JonesNYGQB,168.4,-1.3,0.3,-0.1,12.4
199,Deshaun WatsonHouQB,168.4,-0.6,0.4,-0.1,18.9
200,Sterling ShepardNYGWR,168.4,0.9,0.2,0.1,19.2
201,Terrace Marshall Jr.CarWR,168.5,0.6,0.3,0.1,18.4
202,Giovani BernardQTBRB,168.7,0.8,0.3,0.1,17.7
203,Rondale MooreAriWR,168.7,-0.1,0.3,0.0,18.3
204,Pat FreiermuthPitTE,168.9,-0.4,0.1,0.0,5.3
205,Tevin ColemanNYJRB,168.9,1.0,0.3,0.2,17.9
206,Emmanuel SandersBufWR,169.0,1.0,0.2,0.1,14.9
207,Bears D/STChiD/ST,169.0,-0.2,0.1,0.0,10.7
208,Teddy BridgewaterDenQB,169.2,0.4,0.2,0.1,4.7
209,Robbie GouldSFK,169.2,0.0,0.2,0.1,10.5
210,Latavius MurrayNORB,169.3,-2.7,0.3,0.0,20.7
211,Seahawks D/STSeaD/ST,169.3,0.0,0.1,0.0,6.8
212,Jared GoffDetQB,169.4,-0.1,0.2,0.0,5.7
213,Mark Ingram IIHouRB,169.4,-0.1,0.2,0.0,11.3
214,Carlos HydeJaxRB,169.4,0.1,0.3,0.2,15.0
215,Anthony FirkserTenTE,169.4,0.4,0.1,0.0,12.2
216,Gerald EverettSeaTE,169.5,0.5,0.1,0.1,8.5
217,Cowboys D/STDalD/ST,169.5,-0.2,0.0,0.0,2.3
218,Carson WentzQIndQB,169.5,-0.1,0.2,0.0,7.0
219,Chris BoswellPitK,169.5,-0.3,0.1,0.0,3.2
220,Josh LamboJaxK,169.5,-0.9,0.3,0.0,31.0
221,Tim TebowFATE,169.5,-0.3,0.1,0.0,1.4
222,Cam NewtonFAQB,169.5,-0.7,0.1,-0.1,6.2
223,Chase McLaughlinCleK,169.6,0.2,0.1,0.1,11.5
224,Blake JarwinDalTE,169.6,0.0,0.1,0.0,9.4
225,Sam DarnoldCarQB,169.6,0.1,0.2,0.0,5.9
226,Chuba HubbardCarRB,169.6,0.1,0.3,0.0,13.7
227,Evan McPhersonCinK,169.6,0.1,0.0,0.0,4.0
228,Taysom HillNOQB,169.7,-0.3,0.1,0.0,3.0
229,Cardinals D/STAriD/ST,169.7,-0.4,0.1,0.0,6.1
230,Jimmy GaroppoloSFQB,169.7,0.0,0.1,0.0,2.7
231,Travis Etienne Jr.IRJaxRB,169.7,-53.5,0.1,-4.8,20.8
232,Cairo SantosChiK,169.7,0.0,0.0,0.0,2.1
233,Texans D/STHouD/ST,169.7,-0.1,0.1,0.0,0.6
234,O.J. HowardTBTE,169.8,-0.1,0.1,0.0,5.2
235,Gabriel DavisBufWR,169.8,0.7,0.2,0.1,12.0
236,Trace McSorleyBalQB,169.8,-0.2,0.0,0.0,0.5
237,Titans D/STTenD/ST,169.8,-0.2,0.0,0.0,3.4
238,Jimmy GrahamChiTE,169.8,0.0,0.0,0.0,1.4
239,Jake ElliottQPhiK,169.8,-0.1,0.0,0.0,1.2
240,Eagles D/STPhiD/ST,169.8,-0.1,0.0,0.0,1.6
241,Raiders D/STLVD/ST,169.8,-0.1,0.0,0.0,0.7
242,Eli ManningNYGQB,169.8,-0.1,0.0,0.0,0.3
243,Drew BreesNOQB,169.8,-0.1,0.0,0.0,0.2
244,Bryan EdwardsLVWR,169.8,0.2,0.2,0.1,12.5
245,Todd Gurley IIFARB,169.8,0.0,0.1,0.0,3.7
246,Panthers D/STCarD/ST,169.9,-0.1,0.0,0.0,18.5
247,Amari RodgersGBWR,169.9,0.0,0.0,0.0,1.1
248,Lions D/STDetD/ST,169.9,0.0,0.0,0.0,0.4
249,Quinn NordinNEK,169.9,0.0,0.0,0.0,0.7
250,Ben DiNucciFAQB,169.9,0.0,0.0,0.0,0.2
251,Tucker McCannIRTenK,169.9,0.0,0.0,0.0,0.2
252,Cam AkersOLARRB,169.9,0.0,0.0,0.0,6.4
253,Daniel CarlsonLVK,169.9,-0.7,0.1,0.0,16.8
254,David NjokuCleTE,169.9,-0.1,0.0,0.0,0.7
255,Jon BrownFAK,169.9,0.0,0.0,0.0,0.1
256,Chargers D/STLACD/ST,169.9,-0.1,0.0,0.0,3.0
257,Stephen GostkowskiFAK,169.9,0.0,0.0,0.0,0.2
258,Marshawn LynchFARB,169.9,0.0,0.0,0.0,0.2
259,J.J. TaylorNERB,169.9,0.0,0.0,0.0,0.9
260,Kyle RudolphQNYGTE,169.9,0.0,0.0,0.0,0.6
261,Riley RidleyFAWR,169.9,0.0,0.0,0.0,0.1
262,Matt AmmendolaNYJK,169.9,-0.1,0.0,0.0,0.4
263,Blake BellKCTE,169.9,0.0,0.0,0.0,0.1
264,Adam VinatieriFAK,169.9,0.0,0.0,0.0,0.1
265,Larry FitzgeraldFAWR,169.9,0.0,0.0,0.0,0.2
266,Jake ButtChiTE,169.9,0.0,0.0,0.0,0.1
267,Anthony GordonFAQB,169.9,0.0,0.0,0.0,0.0
268,Mitchell TrubiskyBufQB,169.9,-0.1,0.0,0.0,0.4
269,Julian EdelmanQNEWR,169.9,0.0,0.0,0.0,0.3
270,Sam FickenTenK,169.9,-0.1,0.0,0.0,0.7
271,Wil LutzONOK,169.9,0.0,0.0,0.0,2.4
272,Jaguars D/STJaxD/ST,169.9,0.0,0.0,0.0,1.4
273,Tyre BradyJaxWR,169.9,0.0,0.0,0.0,0.0
274,Derek WattPitRB,169.9,0.0,0.0,0.0,0.1
275,Philip RiversIndQB,169.9,0.0,0.0,0.0,0.1
276,Adrian PetersonFARB,169.9,0.0,0.0,0.0,0.2
277,Deonte HarrisNOWR,169.9,0.1,0.0,0.0,0.8
278,Jeremy CoxDenRB,169.9,0.0,0.0,0.0,0.1
279,Quez WatkinsPhiWR,169.9,-0.1,0.0,0.0,1.6
280,Kenny YeboahFATE,169.9,0.0,0.0,0.0,0.0
281,Joe FlaccoPhiQB,169.9,0.0,0.0,0.0,0.1
282,Albert OkwuegbunamDenTE,170.0,0.0,0.0,0.0,0.2
283,Gardner Minshew IIPhiQB,170.0,0.0,0.0,0.0,0.5
284,Dan BaileyFAK,170.0,0.0,0.0,0.0,0.1
285,Bengals D/STCinD/ST,170.0,0.0,0.0,0.0,0.5
286,Cade JohnsonSeaWR,170.0,0.0,0.0,0.0,0.0
287,Kylin HillGBRB,170.0,0.0,0.0,0.0,0.4
288,Frank GoreQFARB,170.0,0.0,0.0,0.0,0.1
289,Matthew WrightFAK,170.0,0.0,0.0,0.0,0.0
290,James O'ShaughnessyJaxTE,170.0,0.0,0.0,0.0,0.2
291,Mike GlennonNYGQB,170.0,0.0,0.0,0.0,0.1
292,Jesper HorstedChiTE,170.0,0.0,0.0,0.0,0.2
293,Cody ParkeyQFAK,170.0,0.1,0.0,0.0,2.1
294,Robert Griffin IIIFAQB,170.0,0.0,0.0,0.0,0.1
295,Gerrid DoaksMiaRB,170.0,0.0,0.0,0.0,0.1
296,Dez BryantFAWR,170.0,0.0,0.0,0.0,0.1
297,Mike ThomasCinWR,170.0,0.0,0.0,0.0,0.1
298,Rashard HigginsQCleWR,170.0,0.0,0.0,0.0,0.5
299,Matt BarkleyTenQB,170.0,0.0,0.0,0.0,0.0
300,Nick FolesChiQB,170.0,0.0,0.0,0.0,0.1
301,Marcedes LewisGBTE,170.0,0.0,0.0,0.0,0.1
302,Nathan PetermanLVQB,170.0,0.0,0.0,0.0,0.1
303,Jake FrommBufQB,170.0,0.0,0.0,0.0,0.0
304,David MooreFAWR,170.0,0.0,0.0,0.0,0.2
305,Elliott FryFAK,170.0,0.0,0.0,0.0,0.0
306,Scotty MillerQTBWR,170.0,0.0,0.0,0.0,0.4
307,Delanie WalkerTenTE,170.0,0.0,0.0,0.0,0.0
308,Marquise GoodwinChiWR,170.0,0.0,0.0,0.0,0.2
309,Ty MontgomeryNOWR,170.0,0.0,0.0,0.0,0.2
310,Le'Veon BellFARB,170.0,0.0,0.0,0.0,1.4
311,Mekhi SargentQTenRB,170.0,0.0,0.0,0.0,0.1
312,Greg OlsenSeaTE,170.0,0.0,0.0,0.0,0.1
313,Jordan LoveGBQB,170.0,0.0,0.0,0.0,0.5
314,Dwayne HaskinsPitQB,170.0,0.0,0.0,0.0,0.2
315,Case KeenumCleQB,170.0,0.0,0.0,0.0,0.1
316,Cole McDonaldFAQB,170.0,-0.1,0.0,0.0,0.1
317,Noah GrayKCTE,170.0,0.0,0.0,0.0,0.2
318,Matthew SlaterNEWR,170.0,0.0,0.0,0.0,0.0
319,Daniel HelmFATE,170.0,0.0,0.0,0.0,0.0
320,Cameron BrateTBTE,170.0,0.0,0.0,0.0,0.1
321,Javorius AllenFARB,170.0,0.0,0.0,0.0,0.0
322,Zane GonzalezDetK,170.0,0.0,0.0,0.0,0.1
323,C.J. HamMinRB,170.0,0.0,0.0,0.0,0.1
324,Zach DavidsonMinTE,170.0,0.0,0.0,0.0,0.0
325,Gunner OlszewskiNEWR,170.0,0.0,0.0,0.0,0.1
326,Taylor RussolinoFAK,170.0,0.0,0.0,0.0,0.0
327,Josh GordonSSPDFAWR,170.0,0.0,0.0,0.0,0.1
328,Chandler CoxFARB,170.0,0.0,0.0,0.0,0.0
329,Rodney AdamsChiWR,170.0,0.0,0.0,0.0,0.1
330,Jason WittenLVTE,170.0,0.0,0.0,0.0,0.0
331,Tre NixonNEWR,170.0,0.0,0.0,0.0,0.0
332,Jalen CampHouWR,170.0,0.0,0.0,0.0,0.0
333,Lil'Jordan HumphreyNOWR,170.0,0.0,0.0,0.0,0.1
334,Patrick RicardBalRB,170.0,0.0,0.0,0.0,0.0
335,Ben MasonNERB,170.0,0.0,0.0,0.0,0.0
336,Khalil HerbertChiRB,170.0,0.0,0.0,0.0,0.3
337,Jeff BadetQFAWR,170.0,0.0,0.0,0.0,0.0
338,Ihmir Smith-MarsetteMinWR,170.0,0.0,0.0,0.0,0.1
339,Tommy SweeneyBufTE,170.0,0.0,0.0,0.0,0.0
340,Trent SherfieldSFWR,170.0,0.0,0.0,0.0,0.2
341,Devonta FreemanFARB,170.0,0.0,0.0,0.0,0.1
342,Chad BeebeIRMinWR,170.0,0.0,0.0,0.0,0.1
343,Blake BortlesGBQB,170.0,0.0,0.0,0.0,0.0
344,Austin SeibertDetK,170.0,0.0,0.0,0.0,0.2
345,Brycen HopkinsLARTE,170.0,0.0,0.0,0.0,0.1
346,Chad HenneKCQB,170.0,0.0,0.0,0.0,0.1
347,Aldrick RosasFAK,170.0,0.0,0.0,0.0,0.2
348,Cedrick WilsonDalWR,170.0,0.0,0.0,0.0,0.1
349,Sage SurrattDetWR,170.0,0.0,0.0,0.0,0.0
350,J.J. Arcega-WhitesidePhiWR,170.0,0.0,0.0,0.0,0.1
351,Javian HawkinsFARB,170.0,0.1,0.0,0.0,0.3
352,Harrison BryantCleTE,170.0,0.0,0.0,0.0,0.2
353,Nick BoyleQBalTE,170.0,0.0,0.0,0.0,0.1
354,Tyler JohnsonTBWR,170.0,0.0,0.0,0.0,0.2
355,Matthew McCraneCleK,170.0,0.0,0.0,0.0,0.0
356,Garrett DickersonFATE,170.0,0.0,0.0,0.0,0.0
357,John RossIRNYGWR,170.0,0.0,0.0,0.0,0.1
358,Freddie SwainSeaWR,170.0,0.0,0.0,0.0,0.1
359,Thaddeus MossCinTE,170.0,0.0,0.0,0.0,0.1
360,Anthony ShermanKCRB,170.0,0.0,0.0,0.0,0.0
361,Dez FitzpatrickTenWR,170.0,0.0,0.0,0.0,0.1
362,Geno SmithSeaQB,170.0,0.0,0.0,0.0,0.1
363,Ian ThomasCarTE,170.0,0.0,0.0,0.0,0.1
364,Albert WilsonMiaWR,170.0,0.0,0.0,0.0,0.2
365,Mo Alie-CoxIndTE,170.0,0.0,0.0,0.0,0.4
366,Mike NugentFAK,170.0,0.0,0.0,0.0,0.0
367,Cornell PowellKCWR,170.0,0.0,0.0,0.0,0.1
368,Devin AsiasiNETE,170.0,0.0,0.0,0.0,0.1
369,LeSean McCoyFARB,170.0,0.0,0.0,0.0,0.0
370,Cooper RushDalQB,170.0,0.0,0.0,0.0,0.0
371,John LovettQFARB,170.0,0.0,0.0,0.0,0.0
372,Jesse JamesChiTE,170.0,0.0,0.0,0.0,0.0
373,Ray-Ray McCloudPitWR,170.0,0.0,0.0,0.0,0.1
374,Sergio CastilloFAK,170.0,0.0,0.0,0.0,0.0
375,Danny AmendolaFAWR,170.0,0.0,0.0,0.0,0.0
376,James Proche IIBalWR,170.0,0.0,0.0,0.0,0.1
377,Dazz NewsomeChiWR,170.0,0.0,0.0,0.0,0.1
378,Simi FehokoDalWR,170.0,0.0,0.0,0.0,0.1
379,Noah BrownODalWR,170.0,0.0,0.0,0.0,0.1
380,Chester RogersTenWR,170.0,0.0,0.0,0.0,0.0
381,Colt McCoyAriQB,170.0,0.0,0.0,0.0,0.0
382,Demetric FeltonCleRB,170.0,0.0,0.0,0.0,0.1
383,Godwin IgwebuikeDetRB,170.0,0.0,0.0,0.0,0.0
384,Kyle TraskTBQB,170.0,0.0,0.0,0.0,0.2
385,Kyle AllenWshQB,170.0,0.0,0.0,0.0,0.0
386,Kawaan BakerNOWR,170.0,0.0,0.0,0.0,0.0
387,Brandon AllenCinQB,170.0,0.0,0.0,0.0,0.1
388,Josh AdamsFARB,170.0,0.0,0.0,0.0,0.0
389,Malik TaylorGBWR,170.0,0.0,0.0,0.0,0.0
390,Khari BlasingameTenRB,170.0,0.0,0.0,0.0,0.0
391,Andy JanovichCleRB,170.0,0.0,0.0,0.0,0.0
392,Seth WilliamsDenWR,170.0,0.0,0.0,0.0,0.1
393,Matt BryantFAK,170.0,0.0,0.0,0.0,0.0
394,David BloughDetQB,170.0,0.0,0.0,0.0,0.0
395,Darwin ThompsonTBRB,170.0,0.0,0.0,0.0,0.1
396,Taiwan JonesBufRB,170.0,0.0,0.0,0.0,0.0
397,Tylan WallaceBalWR,170.0,0.0,0.0,0.0,0.2
398,Tre' McKittyLACTE,170.0,0.0,0.0,0.0,0.1
399,Corey ClementDalRB,170.0,0.0,0.0,0.0,0.1
400,Nick FitzgeraldFAQB,170.0,0.0,0.0,0.0,0.0
401,Joshua DobbsIRPitQB,170.0,0.0,0.0,0.0,0.0
402,Josh RosenAtlQB,170.0,0.0,0.0,0.0,0.0
403,Mike StrachanIndWR,170.0,0.0,0.0,0.0,0.2
404,Michael BurtonKCRB,170.0,0.0,0.0,0.0,0.0
405,Jacob HarrisLARTE,170.0,0.0,0.0,0.0,0.1
406,Cam SimsWshWR,170.0,0.0,0.0,0.0,0.1
407,Jacob HollisterJaxTE,170.0,0.0,0.0,0.0,0.1
408,Stephen HauschkaFAK,170.0,0.0,0.0,0.0,0.0
409,Mason RudolphPitQB,170.0,0.0,0.0,0.0,0.1
410,Ameer AbdullahMinRB,170.0,0.0,0.0,0.0,0.1
411,Mohamed Sanu Sr.SFWR,170.0,0.0,0.0,0.0,0.1
412,Will DisslySeaTE,170.0,0.0,0.0,0.0,0.4
413,J.J. JonesFAWR,170.0,0.0,0.0,0.0,0.0
414,Justin RohrwasserFAK,170.0,0.0,0.0,0.0,0.0
415,Jalen HurdQSFWR,170.0,0.0,0.0,0.0,0.1
416,Daurice FountainKCWR,170.0,0.0,0.0,0.0,0.0
417,Darren SprolesPhiRB,170.0,0.0,0.0,0.0,0.0
418,Sam EhlingerIRIndQB,170.0,0.0,0.0,0.0,0.1
419,Patrick DiMarcoFARB,170.0,0.0,0.0,0.0,0.0
420,Garrett GilbertNEQB,170.0,0.0,0.0,0.0,0.0
421,Marcus KempKCWR,170.0,0.0,0.0,0.0,0.0
422,Jake KumerowBufWR,170.0,0.0,0.0,0.0,0.1
423,Sammis ReyesWshTE,170.0,0.0,0.0,0.0,0.0
424,Jeff ThomasFAWR,170.0,0.0,0.0,0.0,0.0
425,Dante PettisNYGWR,170.0,0.0,0.0,0.0,0.0
426,Allen HurnsIRMiaWR,170.0,0.0,0.0,0.0,0.0
427,Terry GodwinIRJaxWR,170.0,0.0,0.0,0.0,0.0
428,Dax MilneWshWR,170.0,0.0,0.0,0.0,0.0
429,Tommy TrembleCarTE,170.0,0.0,0.0,0.0,0.1
430,Alex SmithQWshQB,170.0,0.0,0.0,0.0,0.0
431,Tyler HuntleyBalQB,170.0,0.0,0.0,0.0,0.1
432,Shelton GibsonFAWR,170.0,0.0,0.0,0.0,0.0
433,Will GrierDalQB,170.0,0.0,0.0,0.0,0.0
434,Michael CrabtreeAriWR,170.0,0.0,0.0,0.0,0.0
435,KJ Hill Jr.LACWR,170.0,0.0,0.0,0.0,0.0
436,Foster MoreauLVTE,170.0,0.0,0.0,0.0,0.1
437,Andy IsabellaAriWR,170.0,0.0,0.0,0.0,0.1
438,DeShone KizerFAQB,170.0,0.0,0.0,0.0,0.0
439,Feleipe FranksAtlQB,170.0,0.0,0.0,0.0,0.0
440,N'Keal HarryIRNEWR,170.0,0.0,0.0,0.0,0.4
441,Jakob JohnsonNERB,170.0,0.0,0.0,0.0,0.0
442,Darrell DanielsAriTE,170.0,0.0,0.0,0.0,0.0
443,Dwayne WashingtonNORB,170.0,0.0,0.0,0.0,0.0
444,Dede WestbrookQMinWR,170.0,0.0,0.0,0.0,0.1
445,Ke'Shawn VaughnTBRB,170.0,0.0,0.0,0.0,0.2
446,Jeremy SprinkleFATE,170.0,0.0,0.0,0.0,0.0
447,Zach GentryPitTE,170.0,0.0,0.0,0.0,0.0
448,Javon LeakeFARB,170.0,0.0,0.0,0.0,0.0
449,David WilliamsDenRB,170.0,0.0,0.0,0.0,0.0
450,Brandon WrightFAK,170.0,0.0,0.0,0.0,0.0
451,John BatesWshTE,170.0,0.0,0.0,0.0,0.0
452,Zay JonesLVWR,170.0,0.0,0.0,0.0,0.1
453,Nick Westbrook-IkhineTenWR,170.0,0.0,0.0,0.0,0.0
454,Jody FortsonKCTE,170.0,0.0,0.0,0.0,0.0
455,Anthony SchwartzCleWR,170.0,0.0,0.0,0.0,0.2
456,Josiah DeguaraGBTE,170.0,0.0,0.0,0.0,0.0
457,Nick KeizerOKCTE,170.0,0.0,0.0,0.0,0.0
458,Hunter LongMiaTE,170.0,0.0,0.0,0.0,0.1
459,Kai ForbathFAK,170.0,0.0,0.0,0.0,0.0
460,Jordan WilkinsIndRB,170.0,0.0,0.0,0.0,0.1
461,Elijhaa PennyNYGRB,170.0,0.0,0.0,0.0,0.0
462,Devlin HodgesLARQB,170.0,0.0,0.0,0.0,0.0
463,Johnny StantonCleRB,170.0,0.0,0.0,0.0,0.0
464,Antonio Gandy-GoldenWshWR,170.0,0.0,0.0,0.0,0.1
465,Gary BrightwellNYGRB,170.0,0.0,0.0,0.0,0.0
466,Jaelon DardenTBWR,170.0,0.0,0.0,0.0,0.1
467,DeAndre CarterWshWR,170.0,0.0,0.0,0.0,0.0
468,Bisi JohnsonIRMinWR,170.0,0.0,0.0,0.0,0.0
469,Josh McCownFAQB,170.0,0.0,0.0,0.0,0.0
470,Lee SmithAtlTE,170.0,0.0,0.0,0.0,0.0
471,Trey EdmundsFARB,170.0,0.0,0.0,0.0,0.0
472,Greg WardPhiWR,170.0,0.0,0.0,0.0,0.1
473,Jakeem Grant Sr.MiaWR,170.0,0.0,0.0,0.0,0.1
474,Dominique DafneyGBTE,170.0,0.0,0.0,0.0,0.0
475,AJ McCarronIRAtlQB,170.0,0.0,0.0,0.0,0.0
476,Brian HoyerNEQB,170.0,0.0,0.0,0.0,0.0
477,Troymaine PopeQFARB,170.0,0.0,0.0,0.0,0.0
478,Josh OliverBalTE,170.0,0.0,0.0,0.0,0.0
479,Alec IngoldLVRB,170.0,0.0,0.0,0.0,0.0
480,K.J. OsbornMinWR,170.0,0.0,0.0,0.0,0.0
481,Keith SmithAtlRB,170.0,0.0,0.0,0.0,0.0
482,Brett MaherQFAK,170.0,0.0,0.0,0.0,0.0
483,Eddy PineiroFAK,170.0,0.0,0.0,0.0,0.0
484,Dexter WilliamsNYGRB,170.0,0.0,0.0,0.0,0.0
485,Lamar MillerFARB,170.0,0.0,0.0,0.0,0.0
486,Ryan SwitzerIRCleWR,170.0,0.0,0.0,0.0,0.0
487,Travis HomerSeaRB,170.0,0.0,0.0,0.0,0.1
488,Andrew BeckDenRB,170.0,0.0,0.0,0.0,0.0
489,Ricky OrtizNORB,170.0,0.0,0.0,0.0,0.0
490,Equanimeous St. BrownGBWR,170.0,0.0,0.0,0.0,0.1
491,Maxx WilliamsQAriTE,170.0,0.0,0.0,0.0,0.1
492,Rod SmithFARB,170.0,0.0,0.0,0.0,0.0
493,Ross DwelleySFTE,170.0,0.0,0.0,0.0,0.0
494,Rico DowdleIRDalRB,170.0,0.0,0.0,0.0,0.0
495,Kalen BallagePitRB,170.0,0.0,0.0,0.0,0.2
496,Jay AjayiFARB,170.0,0.0,0.0,0.0,0.0
497,Demetrius HarrisAriTE,170.0,0.0,0.0,0.0,0.0
498,Sam SlomanFAK,170.0,0.0,0.0,0.0,0.0
499,Ryan GriffinNYJTE,170.0,0.0,0.0,0.0,0.0
500,Will HastingsFAWR,170.0,0.0,0.0,0.0,0.0
501,Nsimba WebsterChiWR,170.0,0.0,0.0,0.0,0.0
502,John UrsuaIRSeaWR,170.0,0.0,0.0,0.0,0.0
503,Mike WhiteQNYJQB,170.0,0.0,0.0,0.0,0.0
504,Colby ParkinsonQSeaTE,170.0,0.0,0.0,0.0,0.0
505,Richard RodgersFATE,170.0,0.0,0.0,0.0,0.0
506,Tim BoyleIRDetQB,170.0,0.0,0.0,0.0,0.0
507,Antonio WilliamsQBufRB,170.0,0.0,0.0,0.0,0.0
508,Ross TravisAriTE,170.0,0.0,0.0,0.0,0.0
509,Chris HoganFAWR,170.0,0.0,0.0,0.0,0.0
510,Bobo WilsonTBWR,170.0,0.0,0.0,0.0,0.0
511,Darius AndersonFARB,170.0,0.0,0.0,0.0,0.0
512,Ricky Seals-JonesWshTE,170.0,0.0,0.0,0.0,0.0
513,Kaden SmithNYGTE,170.0,0.0,0.0,0.0,0.0
514,James DevelinNERB,170.0,0.0,0.0,0.0,0.0
515,Antonio CallawayQFAWR,170.0,0.0,0.0,0.0,0.0
516,Farrod GreenIndTE,170.0,0.0,0.0,0.0,0.0
517,Zach ZennerMiaRB,170.0,0.0,0.0,0.0,0.0
518,Luke FarrellJaxTE,170.0,0.0,0.0,0.0,0.0
519,Shi SmithQCarWR,170.0,0.0,0.0,0.0,0.1
520,Jarrett StidhamONEQB,170.0,0.0,0.0,0.0,0.0
521,Malik TurnerIRDalWR,170.0,0.0,0.0,0.0,0.0
522,Wendell SmallwoodFARB,170.0,0.0,0.0,0.0,0.0
523,KhaDarel HodgeDetWR,170.0,0.0,0.0,0.0,0.0
524,Jeff SmithNYJWR,170.0,0.0,0.0,0.0,0.0
525,Ian BookNOQB,170.0,0.0,0.0,0.0,0.1
526,Devin SmithJaxWR,170.0,0.0,0.0,0.0,0.0
527,Durham SmytheMiaTE,170.0,0.0,0.0,0.0,0.0
528,Trayveon WilliamsCinRB,170.0,0.0,0.0,0.0,0.1
529,Justin WatsonOTBWR,170.0,0.0,0.0,0.0,0.0
530,Kelvin BenjaminFATE,170.0,0.0,0.0,0.0,0.0
531,Eric TomlinsonBalTE,170.0,0.0,0.0,0.0,0.0
532,Trinity BensonDetWR,170.0,0.0,0.0,0.0,0.0
533,Richie JamesIRSFWR,170.0,0.0,0.0,0.0,0.1
534,Pharoh CooperFAWR,170.0,0.0,0.0,0.0,0.0
535,Frank DarbyAtlWR,170.0,0.0,0.0,0.0,0.1
536,Golden TateQFAWR,170.0,0.0,0.0,0.0,0.1
537,Brevin JordanHouTE,170.0,0.0,0.0,0.0,0.2
538,Kellen MondMinQB,170.0,0.0,0.0,0.0,0.2
539,Mack HollinsMiaWR,170.0,0.0,0.0,0.0,0.0
540,Logan WoodsideTenQB,170.0,0.0,0.0,0.0,0.0
541,Brandon DillonMinTE,170.0,0.0,0.0,0.0,0.0
542,Josh HillDetTE,170.0,0.0,0.0,0.0,0.0
543,James MorganCarQB,170.0,0.0,0.0,0.0,0.0
544,Brandon BoldenNERB,170.0,0.0,0.0,0.0,0.0
545,Jace SternbergerSSPDGBTE,170.0,0.0,0.0,0.0,0.0
546,Miles BoykinIRBalWR,170.0,0.0,0.0,0.0,0.1
547,Easton StickLACQB,170.0,0.0,0.0,0.0,0.0
548,Taywan TaylorQFAWR,170.0,0.0,0.0,0.0,0.0
549,Christian BlakeAtlWR,170.0,0.0,0.0,0.0,0.0
550,Diontae SpencerDenWR,170.0,0.0,0.0,0.0,0.0
551,Jaron BrownFAWR,170.0,0.0,0.0,0.0,0.0
552,Joey SlyeFAK,170.0,0.0,0.0,0.0,0.5
553,Roosevelt NixFARB,170.0,0.0,0.0,0.0,0.0
554,Alshon JefferyFAWR,170.0,0.0,0.0,0.0,0.1
555,Sean McKeonIRDalTE,170.0,0.0,0.0,0.0,0.0
556,Braxton BerriosNYJWR,170.0,0.0,0.0,0.0,0.0
557,Michael WalkerIRPhiWR,170.0,0.0,0.0,0.0,0.0
558,Gehrig DieterKCWR,170.0,0.0,0.0,0.0,0.0
559,Ryan NallChiRB,170.0,0.0,0.0,0.0,0.0
560,Matt MooreFAQB,170.0,0.0,0.0,0.0,0.0
561,Joe ReedFAWR,170.0,0.0,0.0,0.0,0.0
562,Luke WillsonSeaTE,170.0,0.0,0.0,0.0,0.0
563,Danny VitaleFARB,170.0,0.0,0.0,0.0,0.0
564,Cameron BatsonTenWR,170.0,0.0,0.0,0.0,0.0
565,Antoine WesleyAriWR,170.0,0.0,0.0,0.0,0.0
566,Bruce AndersonFARB,170.0,0.0,0.0,0.0,0.0
567,Marcus JohnsonIRTenWR,170.0,0.0,0.0,0.0,0.0
568,Reggie GilliamBufRB,170.0,0.0,0.0,0.0,0.0
569,Nick BelloreSeaRB,170.0,0.0,0.0,0.0,0.0
570,Keith FordGBRB,170.0,0.0,0.0,0.0,0.0
571,Ben SkowronekOLARWR,170.0,0.0,0.0,0.0,0.0
572,Trevon WescoNYJRB,170.0,0.0,0.0,0.0,0.0
573,Scottie PhillipsHouRB,170.0,0.0,0.0,0.0,0.0
574,Jauan JenningsQSFWR,170.0,0.0,0.0,0.0,0.0
575,Tom KennedyDetWR,170.0,0.0,0.0,0.0,0.0
576,Elijah HolyfieldFARB,170.0,0.0,0.0,0.0,0.0
577,Davion DavisSSPDCleWR,170.0,0.0,0.0,0.0,0.0
578,Eric SaubertDenTE,170.0,0.0,0.0,0.0,0.0
579,Nick VannettQNOTE,170.0,0.0,0.0,0.0,0.0
580,Tommy StevensFATE,170.0,0.0,0.0,0.0,0.0
581,Hakeem ButlerFATE,170.0,0.0,0.0,0.0,0.0
582,T.J. LoganQFARB,170.0,0.0,0.0,0.0,0.0
583,Josh JohnsonNYJQB,170.0,0.0,0.0,0.0,0.0
584,Steven Mitchell Jr.FAWR,170.0,0.0,0.0,0.0,0.0
585,Jazz FergusonFAWR,170.0,0.0,0.0,0.0,0.0
586,Demaryius ThomasNYJWR,170.0,0.0,0.0,0.0,0.0
587,Sutton SmithFARB,170.0,0.0,0.0,0.0,0.0
588,DaeSean HamiltonODenWR,170.0,0.0,0.0,0.0,0.0
589,Garrett GriffinNOTE,170.0,0.0,0.0,0.0,0.0
590,Jake BargasMinRB,170.0,0.0,0.0,0.0,0.0
591,Chris MooreHouWR,170.0,0.0,0.0,0.0,0.0
592,Nate SudfeldFAQB,170.0,0.0,0.0,0.0,0.0
593,Bo ScarbroughFARB,170.0,0.0,0.0,0.0,0.0
594,Senorise PerryFARB,170.0,0.0,0.0,0.0,0.0
595,Luke StockerFATE,170.0,0.0,0.0,0.0,0.0
596,Tyron JohnsonJaxWR,170.0,0.0,0.0,0.0,0.1
597,D.J. FosterFARB,170.0,0.0,0.0,0.0,0.0
598,Michael Warren IIQFARB,170.0,0.0,0.0,0.0,0.0
599,Brandon ZylstraCarWR,170.0,0.0,0.0,0.0,0.0
600,Xavier GrimbleFATE,170.0,0.0,0.0,0.0,0.0
601,Dylan CantrellIRFATE,170.0,0.0,0.0,0.0,0.0
602,Alex ArmahNORB,170.0,0.0,0.0,0.0,0.0
603,Artavis PierceChiRB,170.0,0.0,0.0,0.0,0.0
604,Gabe NabersQLACRB,170.0,0.0,0.0,0.0,0.0
605,Khalfani MuhammadFARB,170.0,0.0,0.0,0.0,0.0
606,Taylor HeinickeWshQB,170.0,0.0,0.0,0.0,0.2
607,Ryan GriffinTBQB,170.0,0.0,0.0,0.0,0.0
608,Isaiah ZuberFAWR,170.0,0.0,0.0,0.0,0.0
609,Laquon TreadwellJaxWR,170.0,0.0,0.0,0.0,0.0
610,Tavon AustinIRJaxWR,170.0,0.0,0.0,0.0,0.0
611,Derrius GuiceSSPDFARB,170.0,0.0,0.0,0.0,0.1
612,Jonathan HillimanFARB,170.0,0.0,0.0,0.0,0.0
613,P.J. WalkerCarQB,170.0,0.0,0.0,0.0,0.1
614,TJ JonesNYGWR,170.0,0.0,0.0,0.0,0.0
615,Marquez StevensonIRBufWR,170.0,0.0,0.0,0.0,0.0
616,Nick BawdenFARB,170.0,0.0,0.0,0.0,0.0
617,Tra CarsonFARB,170.0,0.0,0.0,0.0,0.0
618,Rodney AndersonFARB,170.0,0.0,0.0,0.0,0.0
619,Kerryon JohnsonQFARB,170.0,0.0,0.0,0.0,0.3
620,Darius BradwellLACRB,170.0,0.0,0.0,0.0,0.0
621,Jarius WrightFAWR,170.0,0.0,0.0,0.0,0.0
622,Bronson KaufusiGBTE,170.0,0.0,0.0,0.0,0.0
623,Devine OzigboJaxRB,170.0,0.0,0.0,0.0,0.0
624,J.J. NelsonIRIndWR,170.0,0.0,0.0,0.0,0.0
625,Ted Ginn Jr.FAWR,170.0,0.0,0.0,0.0,0.0
626,Jordan ChunnFARB,170.0,0.0,0.0,0.0,0.0
627,Jamal AgnewJaxWR,170.0,0.0,0.0,0.0,0.1
628,Patrick LairdMiaRB,170.0,0.0,0.0,0.0,0.0
629,Alex BachmanQFAWR,170.0,0.0,0.0,0.0,0.0
630,Damarea CrockettFARB,170.0,0.0,0.0,0.0,0.0
631,Racey McMathTenWR,170.0,0.0,0.0,0.0,0.0
632,Vernon DavisWshTE,170.0,0.0,0.0,0.0,0.0
633,Chris StrevelerAriQB,170.0,0.0,0.0,0.0,0.0
634,Danny EtlingFAQB,170.0,0.0,0.0,0.0,0.0
635,Sewo OloniluaIRDalRB,170.0,0.0,0.0,0.0,0.0
636,Reggie BonnafonQFARB,170.0,0.0,0.0,0.0,0.0
637,Collin JohnsonNYGWR,170.0,0.0,0.0,0.0,0.1
638,Jake LutonSeaQB,170.0,0.0,0.0,0.0,0.0
639,Tyree JacksonIRPhiTE,170.0,0.0,0.0,0.0,0.0
640,Charles JonesFATE,170.0,0.0,0.0,0.0,0.0
641,Joe WebbFAQB,170.0,0.0,0.0,0.0,0.0
642,Josh FergusonFARB,170.0,0.0,0.0,0.0,0.0
643,Elijah McGuireQKCRB,170.0,0.0,0.0,0.0,0.0
644,Marcus BaughFATE,170.0,0.0,0.0,0.0,0.0
645,John KellyCleRB,170.0,0.0,0.0,0.0,0.0
646,Damion RatleyFAWR,170.0,0.0,0.0,0.0,0.0
647,Travis BenjaminQSFWR,170.0,0.0,0.0,0.0,0.0
648,Quinton FlowersFARB,170.0,0.0,0.0,0.0,0.0
649,Ryquell ArmsteadFARB,170.0,0.0,0.0,0.0,0.0
650,Ito SmithFARB,170.0,0.0,0.0,0.0,0.1
651,Tyler BrayFAQB,170.0,0.0,0.0,0.0,0.0
652,Chris ManhertzJaxTE,170.0,0.0,0.0,0.0,0.0
653,Cullen GillaspiaNYGRB,170.0,0.0,0.0,0.0,0.0
654,Cody HollisterQFAWR,170.0,0.0,0.0,0.0,0.0
655,Bryce LoveQFARB,170.0,0.0,0.0,0.0,0.0
656,DeAndre WashingtonFARB,170.0,0.0,0.0,0.0,0.0
657,John HightowerPhiWR,170.0,0.0,0.0,0.0,0.0
658,Marcus MariotaQLVQB,170.0,0.0,0.0,0.0,0.2
659,T.J. YeldonFARB,170.0,0.0,0.0,0.0,0.0
660,Tyler EifertFATE,170.0,0.0,0.0,0.0,0.0
661,Jordan MatthewsFATE,170.0,0.0,0.0,0.0,0.0
662,Chris MyarickNYGTE,170.0,0.0,0.0,0.0,0.0
663,Luke FalkNYJQB,170.0,0.0,0.0,0.0,0.0
664,Rashard DavisFAWR,170.0,0.0,0.0,0.0,0.0
665,Jason Vander LaanFATE,170.0,0.0,0.0,0.0,0.0
666,Matt LaCosseNETE,170.0,0.0,0.0,0.0,0.0
667,Kendall HintonFAWR,170.0,0.0,0.0,0.0,0.0
668,Brett RypienFAQB,170.0,0.0,0.0,0.0,0.0
669,River CracraftSFWR,170.0,0.0,0.0,0.0,0.0
670,Stephen AndersonLACTE,170.0,0.0,0.0,0.0,0.0
671,Chase DanielQLACQB,170.0,0.0,0.0,0.0,0.0
672,Alex EllisQFATE,170.0,0.0,0.0,0.0,0.0
673,Jason CabindaDetRB,170.0,0.0,0.0,0.0,0.0
674,Malcolm PerryNEWR,170.0,0.0,0.0,0.0,0.0
675,Dontrell HilliardQFARB,170.0,0.0,0.0,0.0,0.0
676,Taquan MizzellQFARB,170.0,0.0,0.0,0.0,0.0
677,Tajae SharpeAtlWR,170.0,0.0,0.0,0.0,0.0
678,Kevin WhiteNOWR,170.0,0.0,0.0,0.0,0.0
679,Keith KirkwoodCarWR,170.0,0.0,0.0,0.0,0.0
680,Buddy HowellLARRB,170.0,0.0,0.0,0.0,0.0
681,Kahale WarringBufTE,170.0,0.0,0.0,0.0,0.0
682,Adam ShaheenQMiaTE,170.0,0.0,0.0,0.0,0.0
683,Dion LewisFARB,170.0,0.0,0.0,0.0,0.0
684,Tyrone SwoopesOWshTE,170.0,0.0,0.0,0.0,0.0
685,Chad WilliamsQFAWR,170.0,0.0,0.0,0.0,0.0
686,Ventell BryantSSPDFAWR,170.0,0.0,0.0,0.0,0.0
687,Alex EricksonFAWR,170.0,0.0,0.0,0.0,0.0
688,Shaun WilsonFARB,170.0,0.0,0.0,0.0,0.0
689,Trevor SiemianFAQB,170.0,0.0,0.0,0.0,0.0
690,Isaiah WrightFAWR,170.0,0.0,0.0,0.0,0.0
691,Brandon PowellMiaWR,170.0,0.0,0.0,0.0,0.0
692,Kyle SloterFAQB,170.0,0.0,0.0,0.0,0.0
693,Detrez NewsomeFARB,170.0,0.0,0.0,0.0,0.0
694,Jordan ScarlettMiaRB,170.0,0.0,0.0,0.0,0.0
695,Jordan ThomasIRIndTE,170.0,0.0,0.0,0.0,0.0
696,Austin WalterQFARB,170.0,0.0,0.0,0.0,0.0
697,Vance McDonaldPitTE,170.0,0.0,0.0,0.0,0.0
698,Johnny MundtLARTE,170.0,0.0,0.0,0.0,0.0
699,Trent TaylorCinWR,170.0,0.0,0.0,0.0,0.0
700,Darrius ShepherdFAWR,170.0,0.0,0.0,0.0,0.0
701,Garrett CelekQSFTE,170.0,0.0,0.0,0.0,0.0
702,Jonathan WilliamsFARB,170.0,0.0,0.0,0.0,0.0
703,Nathan CottrellJaxRB,170.0,0.0,0.0,0.0,0.0
704,Sean MannionSeaQB,170.0,0.0,0.0,0.0,0.0
705,John FranklinQFAWR,170.0,0.0,0.0,0.0,0.0
706,Travis FulghamPhiWR,170.0,0.0,0.0,0.0,0.2
707,Ishmael HymanFAWR,170.0,0.0,0.0,0.0,0.0
708,Tyler DavisIndTE,170.0,0.0,0.0,0.0,0.0
709,Spencer WareFARB,170.0,0.0,0.0,0.0,0.0
710,Christian WadeOBufRB,170.0,0.0,0.0,0.0,0.0
711,James WilliamsDetRB,170.0,0.0,0.0,0.0,0.0
712,Deon CainQFAWR,170.0,0.0,0.0,0.0,0.0
713,Trenton IrwinCinWR,170.0,0.0,0.0,0.0,0.0
714,David FluellenFARB,170.0,0.0,0.0,0.0,0.0
715,Charlie WoernerSFTE,170.0,0.0,0.0,0.0,0.0
716,Ashton DulinIndWR,170.0,0.0,0.0,0.0,0.0
717,Phillip Dorsett IIJaxWR,170.0,0.0,0.0,0.0,0.1
718,Victor BoldenFAWR,170.0,0.0,0.0,0.0,0.0
719,Matt SchaubAtlQB,170.0,0.0,0.0,0.0,0.0
720,Nate StanleyIRMinQB,170.0,0.0,0.0,0.0,0.0
721,Davis WebbBufQB,170.0,0.0,0.0,0.0,0.0
722,Penny HartSeaWR,170.0,0.0,0.0,0.0,0.0
723,Lynn Bowden Jr.IRMiaWR,170.0,0.0,0.0,0.0,0.1
724,Theo RiddickOLVRB,170.0,0.0,0.0,0.0,0.0
725,Dalyn DawkinsFARB,170.0,0.0,0.0,0.0,0.0
726,Cole HikutiniQFATE,170.0,0.0,0.0,0.0,0.0
727,Zach LineNORB,170.0,0.0,0.0,0.0,0.0
728,John WolfordQLARQB,170.0,0.0,0.0,0.0,0.0
729,Jaydon MickensTBWR,170.0,0.0,0.0,0.0,0.0
730,Reggie BegeltonFAWR,170.0,0.0,0.0,0.0,0.0
731,Ben EllefsonMinTE,170.0,0.0,0.0,0.0,0.0
732,Jawill DavisGBWR,170.0,0.0,0.0,0.0,0.0
733,Temarrick HemingwayFATE,170.0,0.0,0.0,0.0,0.0
734,Blaine GabbertTBQB,170.0,0.0,0.0,0.0,0.0
735,Tanner HudsonSFTE,170.0,0.0,0.0,0.0,0.0
736,Andre RobertsQHouWR,170.0,0.0,0.0,0.0,0.0
737,Colin ThompsonCarTE,170.0,0.0,0.0,0.0,0.0
738,Mike WeberQFARB,170.0,0.0,0.0,0.0,0.0
739,Charles ClayFATE,170.0,0.0,0.0,0.0,0.0
740,Tony BrownFAWR,170.0,0.0,0.0,0.0,0.0
741,David FalesFAQB,170.0,0.0,0.0,0.0,0.0
742,Spencer SchnellFAWR,170.0,0.0,0.0,0.0,0.0
743,Trey QuinnQLVWR,170.0,0.0,0.0,0.0,0.0
744,Virgil GreenQFATE,170.0,0.0,0.0,0.0,0.0
745,Tyler ErvinQFARB,170.0,0.0,0.0,0.0,0.0
746,Alex TanneyNYGQB,170.0,0.0,0.0,0.0,0.0
747,Roc ThomasJaxRB,170.0,0.0,0.0,0.0,0.0
748,Ben WatsonNETE,170.0,0.0,0.0,0.0,0.0
749,C.J. BoardNYGWR,170.0,0.0,0.0,0.0,0.0
750,D'Onta ForemanFARB,170.0,0.0,0.0,0.0,0.0
751,MyCole PruittSFTE,170.0,0.0,0.0,0.0,0.0
752,Austin MackIRNYGWR,170.0,0.0,0.0,0.0,0.0
753,DeAndrew WhiteQFAWR,170.0,0.0,0.0,0.0,0.0
754,Levine ToiloloIRNYGTE,170.0,0.0,0.0,0.0,0.0
755,Antony AuclairHouTE,170.0,0.0,0.0,0.0,0.0
756,Akrum WadleyFARB,170.0,0.0,0.0,0.0,0.0
757,Devin FunchessQFAWR,170.0,0.0,0.0,0.0,0.1
758,Preston WilliamsMiaWR,170.0,0.0,0.0,0.0,0.3
759,Mark WaltonMiaRB,170.0,0.0,0.0,0.0,0.0
760,Nate BeckerFATE,170.0,0.0,0.0,0.0,0.0
761,Wes HillsFARB,170.0,0.0,0.0,0.0,0.0
762,J.P. HoltzChiRB,170.0,0.0,0.0,0.0,0.0
763,Austin ProehlLACWR,170.0,0.0,0.0,0.0,0.0
764,Pharaoh BrownHouTE,170.0,0.0,0.0,0.0,0.0
765,Tommylee LewisQFAWR,170.0,0.0,0.0,0.0,0.0
766,Eno BenjaminAriRB,170.0,0.0,0.0,0.0,0.2
767,Clive WalfordFATE,170.0,0.0,0.0,0.0,0.0
768,Alex BarnesTenRB,170.0,0.0,0.0,0.0,0.0
769,Jeff DriskelHouQB,170.0,0.0,0.0,0.0,0.0
770,Jordan ReedSFTE,170.0,0.0,0.0,0.0,0.0
771,Geronimo AllisonFAWR,170.0,0.0,0.0,0.0,0.0
772,Dan ChisenaIRMinWR,170.0,0.0,0.0,0.0,0.0
773,Isaiah HodginsQBufWR,170.0,0.0,0.0,0.0,0.0
774,Daniel BrownNYJTE,170.0,0.0,0.0,0.0,0.0
775,Deontay BurnettFAWR,170.0,0.0,0.0,0.0,0.0
776,Seth RobertsFAWR,170.0,0.0,0.0,0.0,0.0
777,Darren FellsDetTE,170.0,0.0,0.0,0.0,0.1
778,Tanner LeeFAQB,170.0,0.0,0.0,0.0,0.0
779,Quadree HendersonPitWR,170.0,0.0,0.0,0.0,0.0
780,Bilal PowellFARB,170.0,0.0,0.0,0.0,0.0
781,Mason SchreckCinTE,170.0,0.0,0.0,0.0,0.0
782,Dalton KeeneIRNETE,170.0,0.0,0.0,0.0,0.0
783,C.J. AndersonDetRB,170.0,0.0,0.0,0.0,0.0
784,Tony Brooks-JamesFARB,170.0,0.0,0.0,0.0,0.0
785,Cethan CarterQMiaTE,170.0,0.0,0.0,0.0,0.0
786,Jason HuntleyQPhiRB,170.0,0.0,0.0,0.0,0.0
787,Alexander HollinsCleWR,170.0,0.0,0.0,0.0,0.0
788,Matt SokolJaxTE,170.0,0.0,0.0,0.0,0.0
789,Stanley MorganCinWR,170.0,0.0,0.0,0.0,0.0
790,Ryan IzzoNYGTE,170.0,0.0,0.0,0.0,0.0
791,Javon WimsFAWR,170.0,0.0,0.0,0.0,0.0
792,Rhett EllisonNYGTE,170.0,0.0,0.0,0.0,0.0
793,Trenton CannonFARB,170.0,0.0,0.0,0.0,0.0
794,Jordan FranksCleTE,170.0,0.0,0.0,0.0,0.0
795,KeeSean JohnsonPhiWR,170.0,0.0,0.0,0.0,0.0
796,Emmanuel ButlerFAWR,170.0,0.0,0.0,0.0,0.0
797,Carson MeierFATE,170.0,0.0,0.0,0.0,0.0
798,Marcell AtemanFAWR,170.0,0.0,0.0,0.0,0.0
799,Raymond CalaisIRLARRB,170.0,0.0,0.0,0.0,0.0
800,Trevor DavisFAWR,170.0,0.0,0.0,0.0,0.0
801,Ja'Marcus BradleyCleWR,170.0,0.0,0.0,0.0,0.0
802,Ryan FinleyHouQB,170.0,0.0,0.0,0.0,0.0
803,Matt ColeNYGWR,170.0,0.0,0.0,0.0,0.0
804,Derek CarrierLVTE,170.0,0.0,0.0,0.0,0.0
805,Geoff SwaimOTenTE,170.0,0.0,0.0,0.0,0.1
806,Drew SampleCinTE,170.0,0.0,0.0,0.0,0.1
807,Nick MullensCleQB,170.0,0.0,0.0,0.0,0.0
808,Karan HigdonFARB,170.0,0.0,0.0,0.0,0.0
809,Kerrith WhyteFARB,170.0,0.0,0.0,0.0,0.0
810,Vyncint SmithFAWR,170.0,0.0,0.0,0.0,0.0
811,Alex McGoughFAQB,170.0,0.0,0.0,0.0,0.0
812,Hale HentgesMinTE,170.0,0.0,0.0,0.0,0.0
813,Donnie ErnsbergerIRTenTE,170.0,0.0,0.0,0.0,0.0
814,Steven SimsFAWR,170.0,0.0,0.0,0.0,0.0
815,Kelvin McKnightFAWR,170.0,0.0,0.0,0.0,0.0
816,De'Lance TurnerFARB,170.0,0.0,0.0,0.0,0.0
817,Kyle LaulettaFAQB,170.0,0.0,0.0,0.0,0.0
818,Clayton ThorsonQFAQB,170.0,0.0,0.0,0.0,0.0
819,Rico GaffordFAWR,170.0,0.0,0.0,0.0,0.0
820,Chris RowlandFAWR,170.0,0.0,0.0,0.0,0.0
821,D'Ernest JohnsonCleRB,170.0,0.0,0.0,0.0,0.2
822,Juwann WinfreeGBWR,170.0,0.0,0.0,0.0,0.0
823,Codey McElroyTBTE,170.0,0.0,0.0,0.0,0.0
824,Alize MackFATE,170.0,0.0,0.0,0.0,0.0
825,De'Anthony ThomasFAWR,170.0,0.0,0.0,0.0,0.0
826,Bruce MillerFARB,170.0,0.0,0.0,0.0,0.0
827,Robert TurbinFARB,170.0,0.0,0.0,0.0,0.0
828,Sean CulkinFATE,170.0,0.0,0.0,0.0,0.0
829,Jerome CunninghamFATE,170.0,0.0,0.0,0.0,0.0
830,Deon YelderFATE,170.0,0.0,0.0,0.0,0.0
831,Kevin RaderPitTE,170.0,0.0,0.0,0.0,0.0
832,Jordan HowardPhiRB,170.0,0.1,0.0,0.0,0.1
833,Chris LacyFAWR,170.0,0.0,0.0,0.0,0.0
834,Brett HundleyIndQB,170.0,0.0,0.0,0.0,0.0
835,Ben KoyackFATE,170.0,0.0,0.0,0.0,0.0
836,Jaeden GrahamIRAtlTE,170.0,0.0,0.0,0.0,0.0
837,LeVante BellamyIRDenRB,170.0,0.0,0.0,0.0,0.0
838,Jason CroomIRPhiTE,170.0,0.0,0.0,0.0,0.0
839,Tyrie ClevelandFAWR,170.0,0.0,0.0,0.0,0.0
840,Matt FlanaganFATE,170.0,0.0,0.0,0.0,0.0
841,Lawrence CagerFAWR,170.0,0.0,0.0,0.0,0.0
842,Troy FumagalliIRNETE,170.0,0.0,0.0,0.0,0.0
843,Stephen SullivanCarTE,170.0,0.0,0.0,0.0,0.0
844,Chris WarrenFARB,170.0,0.0,0.0,0.0,0.0
845,Dezmon PatmonIRIndWR,170.0,0.0,0.0,0.0,0.0
846,JoJo NatsonCleWR,170.0,0.0,0.0,0.0,0.0
847,J'Mon MooreQFAWR,170.0,0.0,0.0,0.0,0.0
848,DeMichael HarrisIndWR,170.0,0.0,0.0,0.0,0.0
849,Seth DeValveFATE,170.0,0.0,0.0,0.0,0.0
850,C.J. ProsiseFARB,170.0,0.0,0.0,0.0,0.0
851,Bradley SowellFATE,170.0,0.0,0.0,0.0,0.0
852,Keelan DossFAWR,170.0,0.0,0.0,0.0,0.0
853,Adrian KillinsIRDenRB,170.0,0.0,0.0,0.0,0.0
854,Paul PerkinsFARB,170.0,0.0,0.0,0.0,0.0
855,Jared PinkneyDetTE,170.0,0.0,0.0,0.0,0.0
856,Caleb WilsonFATE,170.0,0.0,0.0,0.0,0.0
857,Greg DortchAriWR,170.0,0.0,0.0,0.0,0.0
858,Kristian WilkersonNEWR,170.0,0.0,0.0,0.0,0.0
859,Bennie FowlerFAWR,170.0,0.0,0.0,0.0,0.0
860,Isaiah CoulterChiWR,170.0,0.0,0.0,0.0,0.0
861,Jamize OlawaleFARB,170.0,0.0,0.0,0.0,0.0
862,Chad HansenQFAWR,170.0,0.0,0.0,0.0,0.0
863,Ben BrauneckerFATE,170.0,0.0,0.0,0.0,0.0
864,Stephen CarlsonIRCleTE,170.0,0.0,0.0,0.0,0.0
865,David GrinnageFATE,170.0,0.0,0.0,0.0,0.0
866,Isaac NautaQFATE,170.0,0.0,0.0,0.0,0.0
867,Jaleel ScottFAWR,170.0,0.0,0.0,0.0,0.0
868,Marvin HallQFAWR,170.0,0.0,0.0,0.0,0.0
869,Justin HardyFAWR,170.0,0.0,0.0,0.0,0.0
870,Kenjon BarnerFARB,170.0,0.0,0.0,0.0,0.0
871,Noah TogiaiQFATE,170.0,0.0,0.0,0.0,0.0
872,Craig ReynoldsDetRB,170.0,0.0,0.0,0.0,0.0
873,Robert DavisFAWR,170.0,0.0,0.0,0.0,0.0
874,Kirk MerrittMiaWR,170.0,0.0,0.0,0.0,0.0
875,Kylen GransonIndTE,170.0,0.0,0.0,0.0,0.1
876,Austin CarrFAWR,170.0,0.0,0.0,0.0,0.0
877,Duke JohnsonQFARB,170.0,0.0,0.0,0.0,0.2
878,Isaiah FordFAWR,170.0,0.0,0.0,0.0,0.0
879,Hunter BryantODetTE,170.0,0.0,0.0,0.0,0.0
880,Jalen TolliverKCWR,170.0,0.0,0.0,0.0,0.0
881,Trishton JacksonMinWR,170.0,0.0,0.0,0.0,0.0
882,Evan BaylisQFATE,170.0,0.0,0.0,0.0,0.0
883,Josh DoctsonFAWR,170.0,0.0,0.0,0.0,0.0
884,Auden TateCinWR,170.0,0.0,0.0,0.0,0.1
885,Kenny StillsFAWR,170.0,0.0,0.0,0.0,0.0
886,Alfred MorrisFARB,170.0,0.0,0.0,0.0,0.0
887,Dwayne HarrisQFAWR,170.0,0.0,0.0,0.0,0.0
888,James LooneyFATE,170.0,0.0,0.0,0.0,0.0
889,Trey BurtonFATE,170.0,0.0,0.0,0.0,0.0
890,Lance KendricksFATE,170.0,0.0,0.0,0.0,0.0
891,Derrick WilliesOCleWR,170.0,0.0,0.0,0.0,0.0
892,Chris ThompsonQFARB,170.0,0.0,0.0,0.0,0.0
893,Russell ShepardFAWR,170.0,0.0,0.0,0.0,0.0
894,Josh MaloneFAWR,170.0,0.0,0.0,0.0,0.0
895,Cody CoreQFAWR,170.0,0.0,0.0,0.0,0.0
896,Gary JenningsQFAWR,170.0,0.0,0.0,0.0,0.0
897,Matt LengelIndTE,170.0,0.0,0.0,0.0,0.0
898,Marcus GreenFAWR,170.0,0.0,0.0,0.0,0.0
899,Damion WillisNYGWR,170.0,0.0,0.0,0.0,0.0
900,Joshua PerkinsFATE,170.0,0.0,0.0,0.0,0.0
901,Emanuel HallQWshWR,170.0,0.0,0.0,0.0,0.0
902,Marqise LeeSFWR,170.0,0.0,0.0,0.0,0.0
903,Cyril GraysonTBWR,170.0,0.0,0.0,0.0,0.0
904,Isaac WhitneyFAWR,170.0,0.0,0.0,0.0,0.0
905,Ryan GrantFAWR,170.0,0.0,0.0,0.0,0.0
906,Tevin JonesFAWR,170.0,0.0,0.0,0.0,0.0
907,Taylor GabrielChiWR,170.0,0.0,0.0,0.0,0.0
908,Nick O'LearyQFATE,170.0,0.0,0.0,0.0,0.0
909,Andre PattonFAWR,170.0,0.0,0.0,0.0,0.0
910,Simmie Cobbs Jr.FAWR,170.0,0.0,0.0,0.0,0.0
911,Quincy EnunwaQFAWR,170.0,0.0,0.0,0.0,0.0
912,Marken MichelFAWR,170.0,0.0,0.0,0.0,0.0
913,Cam PhillipsCarWR,170.0,0.0,0.0,0.0,0.0
914,Jeff HeuermanFATE,170.0,0.0,0.0,0.0,0.0
915,Jordan LasleyFAWR,170.0,0.0,0.0,0.0,0.0
916,Austin RobertsFATE,170.0,0.0,0.0,0.0,0.0
917,Krishawn HoganFAWR,170.0,0.0,0.0,0.0,0.0
918,Da'Mari ScottFAWR,170.0,0.0,0.0,0.0,0.0
919,Paul Richardson Jr.FAWR,170.0,0.0,0.0,0.0,0.0
920,Robert FosterQFAWR,170.0,0.0,0.0,0.0,0.0
921,Johnny HoltonFAWR,170.0,0.0,0.0,0.0,0.0
922,Josh BellamyFAWR,170.0,0.0,0.0,0.0,0.0
923,Janarion GrantFAWR,170.0,0.0,0.0,0.0,0.0
924,Darvin KidsyFAWR,170.0,0.0,0.0,0.0,0.0
925,Omar BaylessCarWR,170.0,0.0,0.0,0.0,0.0
926,Anthony JohnsonFAWR,170.0,0.0,0.0,0.0,0.0
927,Fred BrownFAWR,170.0,0.0,0.0,0.0,0.0
928,C.J. ConradFATE,170.0,0.0,0.0,0.0,0.0
929,Kelvin HarmonFAWR,170.0,0.0,0.0,0.0,0.0
930,Jason MooreQLACWR,170.0,0.0,0.0,0.0,0.0
931,Dillon MitchellFAWR,170.0,0.0,0.0,0.0,0.0
932,Duke WilliamsQFAWR,170.0,0.0,0.0,0.0,0.0
933,Scott SimonsonNYGTE,170.0,0.0,0.0,0.0,0.0
934,Jester WeahFAWR,170.0,0.0,0.0,0.0,0.0
935,Geremy DavisFAWR,170.0,0.0,0.0,0.0,0.0
936,Kendall BlantonLARTE,170.0,0.0,0.0,0.0,0.0
937,Cody LatimerOFAWR,170.0,0.0,0.0,0.0,0.0
938,Darius JenningsFAWR,170.0,0.0,0.0,0.0,0.0
939,Dontrelle InmanFAWR,170.0,0.0,0.0,0.0,0.0
940,Donte MoncriefQFAWR,170.0,0.0,0.0,0.0,0.0
941,Rodney SmithQCarRB,170.0,0.0,0.0,0.0,0.1
942,C.J. BeathardJaxQB,170.0,0.0,0.0,0.0,0.0
943,Devin DuvernayBalWR,170.0,0.0,0.0,0.0,0.3
944,Greg JosephMinK,170.0,-0.1,0.0,0.0,0.6
945,Ryan SantosoCarK,170.0,0.1,0.0,-0.4,0.3
946,Isaiah McKenzieQBufWR,170.0,0.0,0.0,0.0,0.2
947,Willie Snead IVLVWR,170.0,0.0,0.0,0.0,0.1
948,Jalen GuytonQLACWR,170.0,0.0,0.0,0.0,0.2
949,Jeff Wilson Jr.OSFRB,170.0,0.0,0.0,0.0,0.9
950,Andy DaltonChiQB,170.0,0.0,0.0,0.0,0.9
951,Michael BadgleyFAK,170.0,-0.1,0.0,0.0,0.5
952,Chris HerndonMinTE,170.0,0.1,0.0,0.0,1.9
953,Royce FreemanCarRB,170.0,0.0,0.0,0.0,0.2
954,Dawson KnoxBufTE,170.0,0.0,0.0,0.0,2.2
955,Jacoby BrissettMiaQB,170.0,0.0,0.0,0.0,0.1
956,JaMycal HastySFRB,170.0,0.0,0.0,0.0,0.2
957,Keke CouteeIndWR,170.0,0.0,0.0,0.0,0.2
958,Jake FunkLARRB,170.0,0.1,0.0,0.0,1.2
959,Drew LockDenQB,170.0,0.0,0.0,0.0,1.0
960,Damiere ByrdChiWR,170.0,0.0,0.0,0.0,0.1
961,Brian HillQFARB,170.0,0.2,0.0,0.0,0.2
962,Hayden HurstAtlTE,170.0,0.0,0.0,0.0,2.0
963,Matt BreidaBufRB,170.0,0.0,0.0,0.0,0.4
964,Donovan Peoples-JonesCleWR,170.0,-0.1,0.0,0.0,1.9
965,Nate McCraryDenRB,170.0,0.0,0.0,0.0,0.0
966,Dustin HopkinsWshK,170.0,-0.2,0.0,0.0,3.4
967,Mike BooneIRDenRB,170.0,0.1,0.0,0.0,0.1
968,Kene NwangwuIRMinRB,170.0,0.0,0.0,0.0,0.1
969,Davis MillsHouQB,170.0,0.0,0.0,0.0,0.2
970,Jacob EasonIndQB,170.0,0.0,0.0,0.0,0.3
971,Adam HumphriesWshWR,170.0,0.0,0.0,0.0,0.3
972,Peyton BarberWshRB,170.0,0.1,0.0,0.0,0.2
973,Jaylen SamuelsPitRB,170.0,0.1,0.0,0.0,0.2
974,Jermar JeffersonDetRB,170.0,0.0,0.0,0.0,0.5
975,Ka'imi FairbairnQHouK,170.0,-0.1,0.0,0.0,1.7
976,Dalton SchultzDalTE,170.0,0.0,0.0,0.0,1.1
977,Marquez Valdes-ScantlingGBWR,170.0,-0.1,0.1,0.1,3.5
978,Tutu AtwellLARWR,170.0,0.2,0.0,0.0,0.8
979,Juwan JohnsonNOTE,170.0,-0.1,0.0,0.0,0.8
980,Tyler KroftNYJTE,170.0,-0.1,0.0,0.0,0.7
981,Denzel MimsQNYJWR,170.1,0.4,0.0,0.0,1.0
982,Jack DoyleIndTE,170.1,0.0,0.0,0.0,0.9
983,Randy BullockFAK,170.1,0.0,0.0,0.0,0.5
984,Donald Parham Jr.LACTE,170.1,0.0,0.0,0.0,0.4
985,Joshua PalmerLACWR,170.1,-0.1,0.0,0.0,3.0
986,Tyrod TaylorHouQB,170.1,0.0,0.0,0.0,3.0
987,DeeJay DallasSeaRB,170.1,0.2,0.0,0.0,0.8
988,Jonathan WardAriRB,170.1,0.0,0.0,0.0,0.1
989,Kyle JuszczykSFRB,170.1,0.0,0.0,0.0,0.7
990,Benny Snell Jr.PitRB,170.1,0.0,0.0,0.0,1.3
991,Josh ReynoldsTenWR,170.1,-0.1,0.0,0.0,0.4
992,Nick FolkNEK,170.1,0.1,0.0,-0.1,3.8
993,Dan ArnoldCarTE,170.1,0.0,0.0,0.0,1.0
994,Byron PringleKCWR,170.1,0.1,0.0,0.0,1.7
995,James WashingtonPitWR,170.1,0.0,0.0,0.0,0.6
996,Jalen RichardIRLVRB,170.1,0.1,0.0,0.0,0.2
997,Larry Rountree IIILACRB,170.1,0.0,0.0,0.0,0.8
998,Kendrick BourneNEWR,170.1,0.0,0.0,0.0,0.5
999,Justice HillBalRB,170.1,0.0,0.0,0.0,1.2
1000,Chris EvansCinRB,170.1,0.0,0.0,0.0,0.8
1001,Quintez CephusDetWR,170.1,0.1,0.0,0.0,0.7
1002,Kalif RaymondDetWR,170.1,-0.1,0.0,0.0,0.3
1003,Anthony McFarland Jr.IRPitRB,170.1,-0.1,0.0,0.0,0.5
1004,Dare OgunbowaleJaxRB,170.2,-0.1,0.0,0.0,0.2
1005,Falcons D/STAtlD/ST,170.2,0.0,0.0,0.0,1.2
1006,La'Mical PerineQNYJRB,170.2,0.1,0.0,0.0,0.5
1007,Tyler ConklinMinTE,170.2,-0.1,0.0,0.0,2.6
1008,Jets D/STNYJD/ST,170.2,0.0,0.0,0.0,4.2
1009,Jeremy McNicholsTenRB,170.2,-0.2,0.0,0.0,0.3
1010,Tony Jones Jr.NORB,170.2,-0.1,0.0,0.0,2.6
1011,Zach PascalIndWR,170.2,-0.2,0.0,0.0,1.8
1012,Jerick McKinnonKCRB,170.2,-0.1,0.0,0.0,1.7
1013,Tim PatrickDenWR,170.2,0.0,0.0,0.0,0.7
1014,Elijah MitchellSFRB,170.2,-0.1,0.0,0.0,0.5
1015,Rex BurkheadHouRB,170.2,0.0,0.0,0.0,0.6
1016,Jaret PattersonWshRB,170.2,-0.3,0.0,0.0,1.2
1017,Olamide ZaccheausAtlWR,170.2,0.0,0.0,0.0,0.5
1018,Keelan ColeNYJWR,170.2,0.0,0.0,0.0,0.5
1019,Hunter RenfrowLVWR,170.2,-0.2,0.0,0.0,1.9
1020,Jordan AkinsHouTE,170.2,0.1,0.0,0.0,0.9
1021,Demarcus RobinsonKCWR,170.2,0.1,0.0,0.0,1.5
1022,Dyami BrownWshWR,170.2,0.0,0.0,0.0,1.0
1023,C.J. UzomahCinTE,170.2,0.0,0.0,0.0,1.0
1024,Allen LazardGBWR,170.3,-0.1,0.0,0.0,5.0
1025,Adam TrautmanQNOTE,170.3,-1.6,0.0,-0.1,8.5
1026,Kenneth GainwellPhiRB,170.3,0.0,0.0,0.0,3.4
1027,Xavier JonesIRLARRB,170.3,-0.6,0.0,-0.2,2.6
1028,Alex CollinsSeaRB,170.3,-0.3,0.0,0.0,0.8
1029,Breshad PerrimanChiWR,170.3,0.5,0.0,0.0,2.7
1030,Sammy WatkinsBalWR,170.3,-0.1,0.0,0.0,8.6
1031,John BrownFAWR,170.3,0.3,0.0,0.0,2.8
1032,Amon-Ra St. BrownDetWR,170.4,-0.1,0.1,0.0,11.0
1033,Joshua KelleyLACRB,170.4,0.0,0.0,0.0,1.1
1034,KJ HamlerQDenWR,170.4,-0.1,0.0,0.0,2.0
1035,Giants D/STNYGD/ST,170.4,-0.3,0.0,0.0,6.7
1036,Anthony MillerQHouWR,170.4,-0.2,0.0,0.0,0.7
1037,Tristan VizcainoLACK,170.4,-0.5,0.0,0.0,1.6
1038,Chris ConleyHouWR,170.5,-0.2,0.0,0.0,0.8
1039,DeSean JacksonLARWR,170.5,-0.2,0.0,0.0,2.8
1040,Dee EskridgeSeaWR,170.5,0.0,0.0,0.0,1.9
1041,Samaje PerineCinRB,170.5,0.0,0.0,0.0,1.7
1042,Darius SlaytonQNYGWR,170.5,0.0,0.0,0.0,2.4
1043,Van JeffersonQLARWR,170.5,-0.1,0.0,0.0,1.6
1044,Marlon MackIndRB,170.5,-0.1,0.0,0.0,4.8
1045,Cordarrelle PattersonAtlRB,170.6,-0.1,0.0,0.0,2.2
1046,Rashod BatemanIRBalWR,170.6,-0.5,0.1,-0.1,8.7
1047,Wayne Gallman IIAtlRB,170.6,0.0,0.0,0.0,4.1
1048,Christian KirkAriWR,170.6,-0.1,0.0,0.0,3.9
1049,Kadarius ToneyQNYGWR,170.6,-0.2,0.0,0.0,5.6
1050,Devontae BookerNYGRB,170.6,-0.2,0.1,0.0,9.2
1051,Tre'Quan SmithQNOWR,170.7,-0.1,0.0,0.0,5.5
1052,Boston ScottPhiRB,170.7,-0.1,0.0,0.0,3.0
1053,Darrel WilliamsQKCRB,170.7,-0.2,0.1,0.0,8.8
1054,Ty JohnsonNYJRB,170.7,0.0,0.1,0.0,5.2
1055,Rashaad PennySeaRB,170.7,-0.2,0.1,0.0,8.9
1056,Salvon AhmedMiaRB,170.8,-0.1,0.0,0.0,2.7
1057,Tarik CohenOChiRB,170.8,0.0,0.0,0.0,7.4
1058,Justin JacksonLACRB,170.8,-0.2,0.1,0.0,4.3
1059,Qadree OllisonFARB,170.9,0.0,0.0,0.0,2.1
1060,Damien WilliamsChiRB,170.9,-0.1,0.1,0.0,6.3
1061,Darrynton EvansIRTenRB,170.9,-0.1,0.1,0.0,5.5
1062,Nico CollinsHouWR,170.9,-0.3,0.0,0.0,3.5
